week,team,opponent,home,bye_prior_week,elo1_pre,elo_prob1,tot_dvoa,tot_dave,off_dvoa,def_dvoa,st_dvoa,opp_tot_dvoa,opp_tot_dave,opp_off_dvoa,opp_def_dvoa,opp_st_dvoa,net_tot_dvoa,net_tot_dave,net_off_dvoa,net_def_dvoa,net_st_dvoa,yards-per-play,opponent-yards-per-play,net-yards-per-play,points-per-game,opponent-points-per-game,net-points-per-game,team_score,opp_score,winner,total,margin
2,ARI,LAR,0,0,1445.574198,0.262097688,-0.38,-0.08,-0.33,0.16,0.11,0.55,0.18,0.53,-0.04,-0.02,-0.93,-0.26,-0.86,0.2,0.13,4.2,5.7,-1.5,6,24,-18,0,34,0,34,-34
2,ATL,CAR,1,0,1587.848622,0.620855306,-0.36,0,-0.44,-0.07,0.02,0.24,0.01,0.13,-0.06,0.05,-0.6,-0.01,-0.57,-0.01,-0.03,4.6,3.6,1,12,18,-6,31,24,1,55,7
2,BAL,CIN,0,0,1561.692326,0.496333529,0.8,0.12,0.22,-0.66,-0.08,0.28,0,0.15,-0.09,0.04,0.52,0.12,0.07,-0.57,-0.12,5,2.5,2.5,47,3,44,23,34,0,57,-11
2,BUF,LAC,1,0,1475.794344,0.533072525,-1.31,-0.34,-0.85,0.34,-0.11,-0.17,-0.03,0.58,0.32,-0.42,-1.14,-0.31,-1.43,0.02,0.31,2.5,5,-2.5,3,47,-44,20,31,0,51,-11
2,CAR,ATL,0,0,1567.174456,0.379144694,0.24,0.01,0.13,-0.06,0.05,-0.36,0,-0.44,-0.07,0.02,0.6,0.01,0.57,0.01,0.03,4.8,4.1,0.7,16,8,8,24,31,0,55,-7
2,CHI,SEA,1,0,1438.94776,0.462879101,0.1,-0.09,-0.04,-0.07,0.06,-0.32,-0.01,-0.25,0.08,0.02,0.42,-0.08,0.21,-0.15,0.04,4.5,6.3,-1.8,23,24,-1,24,17,1,41,7
2,CIN,BAL,1,0,1499.240097,0.503666471,0.28,0,0.15,-0.09,0.04,0.8,0.12,0.22,-0.66,-0.08,-0.52,-0.12,-0.07,0.57,0.12,6.6,4.9,1.7,34,23,11,34,23,1,57,11
2,CLE,NO,0,0,1310.717644,0.148454401,-0.26,-0.05,-0.25,-0.16,-0.17,-0.1,0.13,0.49,0.55,-0.03,-0.16,-0.18,-0.74,-0.71,-0.14,3.8,5.9,-2.1,21,21,0,18,21,0,39,-3
2,DAL,NYG,1,0,1530.02675,0.75754541,-0.22,0.05,0.01,0.07,-0.16,-0.1,-0.14,-0.07,-0.02,-0.05,-0.12,0.19,0.08,0.09,-0.11,4.1,4.8,-0.7,8,16,-8,20,13,1,33,7
2,DEN,OAK,1,0,1465.484205,0.634781609,0.36,-0.03,0.16,-0.21,-0.01,-0.43,-0.09,-0.04,0.4,0.01,0.79,0.06,0.2,-0.61,-0.02,6.5,5.6,0.9,27,24,3,20,19,1,39,1
2,DET,SF,0,0,1470.494958,0.422631415,-1.23,-0.14,-0.54,0.24,-0.46,-0.57,-0.1,-0.48,0.07,-0.02,-0.66,-0.04,-0.06,0.17,-0.44,5.1,5.9,-0.8,17,48,-31,27,30,0,57,-3
2,GB,MIN,1,0,1476.634054,0.400094052,0.07,0.1,-0.02,-0.1,-0.01,0.43,0.15,0,-0.41,0.03,-0.36,-0.05,-0.02,0.31,-0.04,6.3,4.5,1.8,24,23,1,29,29,0,58,0
2,HOU,TEN,0,0,1392.595466,0.298109172,-0.01,0.01,-0.13,0.03,0.15,-0.16,-0.02,-0.24,0.04,0.13,0.15,0.03,0.11,-0.01,0.02,4.6,5.4,-0.8,20,27,-7,17,20,0,37,-3
2,IND,WSH,0,0,1382.279534,0.24950968,-0.19,-0.03,-0.04,0.11,-0.04,0.08,0.01,0.08,-0.12,-0.12,-0.27,-0.04,-0.12,0.23,0.08,4.9,6.6,-1.7,23,34,-11,21,9,1,30,12
2,JAX,NE,1,0,1549.380453,0.440266678,0.14,-0.04,-0.03,-0.14,0.02,0.08,0.17,0.1,-0.06,-0.08,0.06,-0.21,-0.13,-0.08,0.1,4.9,5.2,-0.3,20,15,5,31,20,1,51,11
2,KC,PIT,0,0,1598.035615,0.422963948,0.37,0.02,0.43,0.45,0.38,0.12,0.18,-0.09,-0.23,-0.02,0.25,-0.16,0.52,0.68,0.4,6.6,7.3,-0.7,38,28,10,42,37,1,79,5
2,LAC,BUF,0,0,1517.779595,0.466927475,-0.17,-0.03,0.58,0.32,-0.42,-1.31,-0.34,-0.85,0.34,-0.11,1.14,0.31,1.43,-0.02,-0.31,7.3,6.6,0.7,28,38,-10,31,20,1,51,11
2,LAR,ARI,1,0,1560.388471,0.737902312,0.55,0.18,0.53,-0.04,-0.02,-0.38,-0.08,-0.33,0.16,0.11,0.93,0.26,0.86,-0.2,-0.13,6.1,6.2,-0.1,33,13,20,34,0,1,34,34
2,MIA,NYJ,0,0,1469.358591,0.385320516,0.24,-0.04,0.07,-0.31,-0.13,0.9,-0.01,0.16,-0.4,0.34,-0.66,-0.03,-0.09,0.09,-0.47,5.9,5,0.9,27,20,7,20,12,1,32,8
2,MIN,GB,0,0,1612.002483,0.599905948,0.43,0.15,0,-0.41,0.03,0.07,0.1,-0.02,-0.1,-0.01,0.36,0.05,0.02,-0.31,0.04,4.8,5.4,-0.6,24,16,8,29,29,0,58,0
2,NE,JAX,0,0,1656.086591,0.559733322,0.08,0.17,0.1,-0.06,-0.08,0.14,-0.04,-0.03,-0.14,0.02,-0.06,0.21,0.13,0.08,-0.1,5.4,4.6,0.8,27,20,7,20,31,0,51,-11
2,NO,CLE,1,0,1549.163577,0.851545599,-0.1,0.13,0.49,0.55,-0.03,-0.26,-0.05,-0.25,-0.16,-0.17,0.16,0.18,0.74,0.71,0.14,8.1,8.5,-0.4,40,48,-8,21,18,1,39,3
2,NYG,DAL,0,0,1397.115446,0.24245459,-0.1,-0.14,-0.07,-0.02,-0.05,-0.22,0.05,0.01,0.07,-0.16,0.12,-0.19,-0.08,-0.09,0.11,5.2,4.9,0.3,15,20,-5,13,20,0,33,-7
2,NYJ,MIA,1,0,1485.489225,0.614679484,0.9,-0.01,0.16,-0.4,0.34,0.24,-0.04,0.07,-0.31,-0.13,0.66,0.03,0.09,-0.09,0.47,5.9,5.1,0.8,48,17,31,12,20,0,32,-8
2,OAK,DEN,0,0,1434.455526,0.365218391,-0.43,-0.09,-0.04,0.4,0.01,0.36,-0.03,0.16,-0.21,-0.01,-0.79,-0.06,-0.2,0.61,0.02,6.2,6.1,0.1,13,33,-20,19,20,0,39,-1
2,PHI,TB,0,0,1659.578148,0.626388949,0.47,0.15,0.05,-0.42,0,-0.16,-0.07,0.51,0.59,-0.08,0.63,0.22,-0.46,-1.01,0.08,3.6,4.6,-1,18,12,6,21,27,0,48,-6
2,PIT,KC,1,0,1586.995454,0.577036052,0.12,0.18,-0.09,-0.23,-0.02,0.37,0.02,0.43,0.45,0.38,-0.25,0.16,-0.52,-0.68,-0.4,5.9,3.8,2.1,21,21,0,37,42,0,79,-5
2,SEA,CHI,0,0,1529.789551,0.537120899,-0.32,-0.01,-0.25,0.08,0.02,0.1,-0.09,-0.04,-0.07,0.06,-0.42,0.08,-0.21,0.15,-0.04,5.6,6.5,-0.9,24,27,-3,17,24,0,41,-7
2,SF,DET,1,0,1459.691508,0.577368585,-0.57,-0.1,-0.48,0.07,-0.02,-1.23,-0.14,-0.54,0.24,-0.46,0.66,0.04,0.06,-0.17,0.44,5.4,4.8,0.6,16,24,-8,30,27,1,57,3
2,TB,PHI,1,0,1504.808399,0.373611051,-0.16,-0.07,0.51,0.59,-0.08,0.47,0.15,0.05,-0.42,0,-0.63,-0.22,0.46,1.01,-0.08,8.5,8.1,0.4,48,40,8,27,21,1,48,6
2,TEN,HOU,1,0,1476.353157,0.701890828,-0.16,-0.02,-0.24,0.04,0.13,-0.01,0.01,-0.13,0.03,0.15,-0.15,-0.03,-0.11,0.01,-0.02,5,5.9,-0.9,20,27,-7,20,17,1,37,3
2,WSH,IND,1,0,1508.582613,0.75049032,0.08,0.01,0.08,-0.12,-0.12,-0.19,-0.03,-0.04,0.11,-0.04,0.27,0.04,0.12,-0.23,-0.08,5.7,4.2,1.5,24,6,18,9,21,0,30,-12
3,ARI,CHI,1,0,1428.345403,0.545627811,-0.71,-0.18,-0.53,0.12,-0.05,0.2,-0.05,-0.07,-0.21,0.06,-0.91,-0.13,-0.46,0.33,-0.11,3.7,6.1,-2.4,3,29,-26,14,16,0,30,-2
3,ATL,NO,1,0,1603.025766,0.660024622,-0.21,-0.01,-0.11,0.11,0.01,0.01,0.13,0.16,0.1,-0.04,-0.22,-0.14,-0.27,0.01,0.05,5.9,5.2,0.7,21.5,21,0.5,37,43,0,80,-6
3,BAL,DEN,1,0,1537.05401,0.680969969,0.22,0.08,0.05,-0.21,-0.04,0.06,-0.05,0.07,-0.01,-0.01,0.16,0.13,-0.02,-0.2,-0.03,5.1,4,1.1,35,18.5,16.5,27,14,1,41,13
3,BUF,MIN,0,0,1449.021558,0.215037439,-0.94,-0.38,-0.57,0.27,-0.1,0.19,0.13,0.16,-0.17,-0.14,-1.13,-0.51,-0.73,0.44,0.04,3.7,5.6,-1.9,11.5,39,-27.5,27,6,1,33,21
3,CAR,CIN,1,0,1551.997312,0.630889686,0.07,0,0.13,0.11,0.05,0.31,0.04,0.18,-0.09,0.04,-0.24,-0.04,-0.05,0.2,0.01,5.8,5.8,0,20,19.5,0.5,31,21,1,52,10
3,CHI,ARI,0,0,1461.5515,0.454372189,0.2,-0.05,-0.07,-0.21,0.06,-0.71,-0.18,-0.53,0.12,-0.05,0.91,0.13,0.46,-0.33,0.11,4.4,5.3,-0.9,23.5,20.5,3,16,14,1,30,2
3,CIN,CAR,0,0,1523.878414,0.369110314,0.31,0.04,0.18,-0.09,0.04,0.07,0,0.13,0.11,0.05,0.24,0.04,0.05,-0.2,-0.01,5.9,5.1,0.8,34,23,11,21,31,0,52,-10
3,CLE,NYJ,1,0,1307.100523,0.379594007,-0.34,-0.09,-0.31,-0.17,-0.21,0.18,-0.06,-0.23,-0.27,0.14,-0.52,-0.03,-0.08,0.1,-0.35,4.5,5.3,-0.8,19.5,21,-1.5,21,17,1,38,4
3,DAL,SEA,0,0,1539.277921,0.452782854,0.06,0.07,0.09,-0.07,-0.1,-0.24,-0.02,-0.28,-0.05,0,0.3,0.09,0.37,-0.02,-0.1,5,4.3,0.7,14,14.5,-0.5,13,24,0,37,-11
3,DEN,BAL,0,0,1470.335452,0.319030031,0.06,-0.05,0.07,-0.01,-0.01,0.22,0.08,0.05,-0.21,-0.04,-0.16,-0.13,0.02,0.2,0.03,6.3,5.9,0.4,23.5,21.5,2,14,27,0,41,-13
3,DET,NE,1,0,1459.058853,0.355079152,-0.63,-0.14,-0.21,0.2,-0.21,-0.07,0.13,0.06,0.06,-0.07,-0.56,-0.27,-0.27,0.14,-0.14,5.5,5.8,-0.3,22,39,-17,26,10,1,36,16
3,GB,WSH,0,0,1479.681033,0.426091937,-0.12,0.06,-0.02,0.07,-0.03,0.04,0.01,-0.05,-0.16,-0.07,-0.16,0.05,0.03,0.23,0.04,5.6,5.8,-0.2,26.5,26,0.5,17,31,0,48,-14
3,HOU,NYG,1,0,1384.853607,0.588275097,0.16,0.04,0.01,-0.1,0.04,-0.31,-0.18,-0.19,0.1,-0.01,0.47,0.22,0.2,-0.2,0.05,5.7,5.2,0.5,18.5,23.5,-5,22,27,0,49,-5
3,IND,PHI,0,0,1424.44551,0.170597018,-0.1,-0.03,-0.11,-0.02,-0.02,0.15,0.12,0.07,-0.15,-0.07,-0.25,-0.15,-0.18,0.13,0.05,4.8,5.5,-0.7,22,21.5,0.5,16,20,0,36,-4
3,JAX,TEN,1,0,1577.735693,0.713656404,0.24,0,0.12,-0.1,0.03,-0.32,-0.07,-0.24,0.16,0.08,0.56,0.07,0.36,-0.26,-0.05,6,5.1,0.9,25.5,17.5,8,6,9,0,15,-3
3,KC,SF,1,0,1619.233742,0.773247049,0.5,0.08,0.59,0.32,0.22,-0.29,-0.1,-0.2,0.05,-0.04,0.79,0.18,0.79,0.27,0.26,7.4,6.9,0.5,40,32.5,7.5,38,27,1,65,11
3,LAC,LAR,0,0,1544.552381,0.362505303,0.18,0.02,0.37,0.04,-0.15,0.6,0.23,0.25,-0.26,0.08,-0.42,-0.21,0.12,0.3,-0.23,6.9,5.7,1.2,29.5,29,0.5,23,35,0,58,-12
3,LAR,LAC,1,0,1577.617266,0.637494697,0.6,0.23,0.25,-0.26,0.08,0.18,0.02,0.37,0.04,-0.15,0.42,0.21,-0.12,-0.3,0.23,6.3,5,1.3,33.5,6.5,27,35,23,1,58,12
3,MIA,OAK,1,0,1497.404638,0.682321334,0.42,0.03,0.01,-0.41,0.01,-0.09,-0.05,0.09,0.15,-0.03,0.51,0.08,-0.08,-0.56,0.04,5.2,5.4,-0.2,23.5,16,7.5,28,20,1,48,8
3,MIN,BUF,1,0,1608.955504,0.784962561,0.19,0.13,0.16,-0.17,-0.14,-0.94,-0.38,-0.57,0.27,-0.1,1.13,0.51,0.73,-0.44,-0.04,5.9,5.2,0.7,26.5,22.5,4,6,27,0,33,-21
3,NE,DET,0,0,1627.73135,0.644920848,-0.07,0.13,0.06,0.06,-0.07,-0.63,-0.14,-0.21,0.2,-0.21,0.56,0.27,0.27,-0.14,0.14,5.2,5.8,-0.6,23.5,25.5,-2,10,26,0,36,-16
3,NO,ATL,0,0,1552.780698,0.339975378,0.01,0.13,0.16,0.1,-0.04,-0.21,-0.01,-0.11,0.11,0.01,0.22,0.14,0.27,-0.01,-0.05,6.2,7,-0.8,30.5,33,-2.5,43,37,1,80,6
3,NYG,HOU,0,0,1387.864275,0.411724903,-0.31,-0.18,-0.19,0.1,-0.01,0.16,0.04,0.01,-0.1,0.04,-0.47,-0.22,-0.2,0.2,-0.05,4.5,5.4,-0.9,14,20,-6,27,22,1,49,5
3,NYJ,CLE,0,0,1457.443178,0.620405993,0.18,-0.06,-0.23,-0.27,0.14,-0.34,-0.09,-0.31,-0.17,-0.21,0.52,0.03,0.08,-0.1,0.35,5.8,4.8,1,30,18.5,11.5,17,21,0,38,-4
3,OAK,MIA,0,0,1429.604278,0.317678666,-0.09,-0.05,0.09,0.15,-0.03,0.42,0.03,0.01,-0.41,0.01,-0.51,-0.08,0.08,0.56,-0.04,6.2,6,0.2,16,26.5,-10.5,20,28,0,48,-8
3,PHI,IND,1,0,1634.163172,0.829402982,0.15,0.12,0.07,-0.15,-0.07,-0.1,-0.03,-0.11,-0.02,-0.02,0.25,0.15,0.18,-0.13,-0.05,4.6,6,-1.4,19.5,19.5,0,20,16,1,36,4
3,PIT,TB,0,0,1565.797327,0.457753479,-0.09,0.13,0.11,0.12,-0.08,0.04,-0.04,0.39,0.29,-0.06,-0.13,0.17,-0.28,-0.17,-0.02,6.1,5.6,0.5,29,31.5,-2.5,30,27,1,57,3
3,SEA,DAL,1,0,1507.185811,0.547217146,-0.24,-0.02,-0.28,-0.05,0,0.06,0.07,0.09,-0.07,-0.1,-0.3,-0.09,-0.37,0.02,0.1,4.9,5.5,-0.6,20.5,25.5,-5,24,13,1,37,11
3,SF,KC,0,0,1471.127613,0.226752951,-0.29,-0.1,-0.2,0.05,-0.04,0.5,0.08,0.59,0.32,0.22,-0.79,-0.18,-0.79,-0.27,-0.26,5.6,5.3,0.3,23,25.5,-2.5,27,38,0,65,-11
3,TB,PIT,1,0,1530.223375,0.542246521,0.04,-0.04,0.39,0.29,-0.06,-0.09,0.13,0.11,0.12,-0.08,0.13,-0.17,0.28,0.17,0.02,8,6.6,1.4,37.5,30.5,7,27,30,0,57,-3
3,TEN,JAX,0,0,1484.095016,0.286343596,-0.32,-0.07,-0.24,0.16,0.08,0.24,0,0.12,-0.1,0.03,-0.56,-0.07,-0.36,0.26,0.05,5,6.5,-1.5,20,22,-2,9,6,1,15,3
3,WSH,GB,1,0,1466.416637,0.573908063,0.04,0.01,-0.05,-0.16,-0.07,-0.12,0.06,-0.02,0.07,-0.03,0.16,-0.05,-0.03,-0.23,-0.04,5.2,4.5,0.7,16.5,13.5,3,31,17,1,48,14
4,ARI,SEA,1,0,1416.180936,0.431110534,-0.52,-0.26,-0.52,-0.03,-0.03,0.02,0.03,-0.15,-0.16,0.02,-0.54,-0.29,-0.37,0.13,-0.05,4,5.6,-1.6,6.7,24.7,-18,17,20,0,37,-3
4,ATL,CIN,1,0,1575.91882,0.683845352,-0.2,-0.04,0.05,0.23,-0.02,0.23,0.07,0.17,-0.03,0.03,-0.43,-0.11,-0.12,0.26,-0.05,6.2,5.8,0.4,26.7,28.3,-1.6,36,37,0,73,-1
4,BAL,PIT,0,0,1552.94156,0.369143893,0.21,0.1,0.04,-0.21,-0.04,0,0.13,0.09,0.03,-0.06,0.21,-0.03,-0.05,-0.24,0.02,5,4.3,0.7,32.3,17,15.3,26,14,1,40,12
4,BUF,GB,0,0,1503.0752,0.472600101,-0.57,-0.35,-0.48,0.09,0,-0.11,0.03,0.02,0.15,0.01,-0.46,-0.38,-0.5,-0.06,-0.01,4,5.2,-1.2,16.7,28,-11.3,0,22,0,22,-22
4,CHI,TB,1,0,1473.715966,0.534098176,0.11,-0.03,-0.2,-0.28,0.03,-0.05,-0.05,0.21,0.21,-0.05,0.16,0.02,-0.41,-0.49,0.08,4.4,5.1,-0.7,21,18.3,2.7,48,10,1,58,38
4,CIN,ATL,0,0,1506.895489,0.316154648,0.23,0.07,0.17,-0.03,0.03,-0.2,-0.04,0.05,0.23,-0.02,0.43,0.11,0.12,-0.26,0.05,6.1,5.3,0.8,29.7,25.7,4,37,36,1,73,1
4,CLE,OAK,0,0,1327.876568,0.292354719,-0.2,-0.09,-0.28,-0.22,-0.14,-0.21,-0.1,0.07,0.25,-0.03,0.01,0.01,-0.35,-0.47,-0.11,4.5,5,-0.5,20,19.7,0.3,42,45,0,87,-3
4,DAL,DET,1,0,1517.107093,0.619530333,-0.09,0.02,-0.1,-0.03,-0.03,-0.3,-0.12,-0.1,0.08,-0.12,0.21,0.14,0,-0.11,0.09,5,4.3,0.7,13.7,17.7,-4,26,24,1,50,2
4,DEN,KC,1,0,1454.447902,0.346704816,0.02,-0.04,0.01,0,0.01,0.42,0.13,0.51,0.27,0.18,-0.4,-0.17,-0.5,-0.27,-0.17,5.8,5.5,0.3,20.3,23.3,-3,23,27,0,50,-4
4,DET,DAL,0,0,1497.410078,0.380469667,-0.3,-0.12,-0.1,0.08,-0.12,-0.09,0.02,-0.1,-0.03,-0.03,-0.21,-0.14,0,0.11,-0.09,5.6,5.4,0.2,23.3,29.3,-6,24,26,0,50,-2
4,GB,BUF,1,0,1457.133693,0.527399899,-0.11,0.03,0.02,0.15,0.01,-0.57,-0.35,-0.48,0.09,0,0.46,0.38,0.5,0.06,0.01,5.4,6.1,-0.7,23.3,27.7,-4.4,22,0,1,22,22
4,HOU,IND,0,0,1363.161438,0.332067662,0.09,0.04,0,0,0.08,0,-0.01,-0.11,-0.07,0.04,0.09,0.05,0.11,0.07,0.04,6.1,5.6,0.5,19.7,24.7,-5,37,34,1,71,3
4,IND,HOU,1,0,1419.563792,0.667932338,0,-0.01,-0.11,-0.07,0.04,0.09,0.04,0,0,0.08,-0.09,-0.05,-0.11,-0.07,-0.04,4.5,5.3,-0.8,20,21,-1,34,37,0,71,-3
4,JAX,NYJ,1,0,1556.411243,0.743353602,0.18,0.03,0,-0.14,0.03,0.14,-0.02,-0.27,-0.28,0.13,0.04,0.05,0.27,0.14,-0.1,5.4,4.7,0.7,19,14.7,4.3,31,12,1,43,19
4,KC,DEN,0,0,1629.507735,0.653295184,0.42,0.13,0.51,0.27,0.18,0.02,-0.04,0.01,0,0.01,0.4,0.17,0.5,0.27,0.17,6.8,6.7,0.1,39.3,30.7,8.6,27,23,1,50,4
4,LAC,SF,1,0,1526.749777,0.679940603,0.02,0,0.3,0.15,-0.14,-0.2,-0.18,-0.05,0.14,-0.02,0.22,0.18,0.35,0.01,-0.12,6.9,6.3,0.6,27.3,31,-3.7,29,27,1,56,2
4,LAR,MIN,1,0,1595.419871,0.647349874,0.49,0.26,0.33,-0.15,0.02,-0.02,0.07,-0.07,-0.13,-0.09,0.51,0.19,0.4,-0.02,0.11,6.6,5.6,1,34,12,22,38,31,1,69,7
4,MIA,NE,0,0,1510.570146,0.304102665,0.43,0.11,0.17,-0.22,0.04,-0.13,0.08,-0.01,0.09,-0.04,0.56,0.03,0.18,-0.31,0.08,6.3,5.5,0.8,25,17.3,7.7,7,38,0,45,-31
4,MIN,LAR,0,0,1554.901861,0.352650126,-0.02,0.07,-0.07,-0.13,-0.09,0.49,0.26,0.33,-0.15,0.02,-0.51,-0.19,-0.4,0.02,-0.11,5.5,5,0.5,19.7,24,-4.3,31,38,0,69,-7
4,NE,MIA,1,0,1589.380125,0.695897335,-0.13,0.08,-0.01,0.09,-0.04,0.43,0.11,0.17,-0.22,0.04,-0.56,-0.03,-0.18,0.31,-0.08,5,5.8,-0.8,19,25.7,-6.7,38,7,1,45,31
4,NO,NYG,0,0,1579.887643,0.647104341,0.06,0.13,0.24,0.17,0,-0.22,-0.17,-0.06,0.12,-0.04,0.28,0.3,0.3,0.05,0.04,6.5,6.9,-0.4,34.7,34.3,0.4,33,18,1,51,15
4,NYG,NO,1,0,1409.556444,0.352895659,-0.22,-0.17,-0.06,0.12,-0.04,0.06,0.13,0.24,0.17,0,-0.28,-0.3,-0.3,-0.05,-0.04,5.1,5.9,-0.8,18.3,20.7,-2.4,18,33,0,51,-15
4,NYJ,JAX,0,0,1436.667133,0.256646398,0.14,-0.02,-0.27,-0.28,0.13,0.18,0.03,0,-0.14,0.03,-0.04,-0.05,-0.27,-0.14,0.1,5.3,4.6,0.7,25.7,19.3,6.4,12,31,0,43,-19
4,OAK,CLE,1,0,1416.438771,0.707645281,-0.21,-0.1,0.07,0.25,-0.03,-0.2,-0.09,-0.28,-0.22,-0.14,-0.01,-0.01,0.35,0.47,0.11,6.1,6.9,-0.8,17.3,27,-9.7,45,42,1,87,3
4,PHI,TEN,0,0,1639.04489,0.597495312,0.03,0.09,-0.03,-0.15,-0.09,-0.2,-0.07,-0.22,0.03,0.05,0.23,0.16,0.19,-0.18,-0.14,4.7,5.3,-0.6,19.7,18.3,1.4,23,26,0,49,-3
4,PIT,BAL,1,0,1581.035409,0.630856107,0,0.13,0.09,0.03,-0.06,0.21,0.1,0.04,-0.21,-0.04,-0.21,0.03,0.05,0.24,-0.02,6.3,5.9,0.4,29.3,30,-0.7,14,26,0,40,-12
4,SEA,ARI,0,0,1529.356639,0.568889466,0.02,0.03,-0.15,-0.16,0.02,-0.52,-0.26,-0.52,-0.03,-0.03,0.54,0.29,0.37,-0.13,0.05,4.7,5.4,-0.7,21.7,21.3,0.4,20,17,1,37,3
4,SF,LAC,0,0,1460.853619,0.320059397,-0.2,-0.18,-0.05,0.14,-0.02,0.02,0,0.3,0.15,-0.14,-0.22,-0.18,-0.35,-0.01,0.12,5.9,5.4,0.5,24.3,29.7,-5.4,27,29,0,56,-2
4,TB,CHI,0,0,1514.985292,0.465901824,-0.05,-0.05,0.21,0.21,-0.05,0.11,-0.03,-0.2,-0.28,0.03,-0.16,-0.02,0.41,0.49,-0.08,7.5,6.6,0.9,34,30.3,3.7,10,48,0,58,-38
4,TEN,PHI,1,0,1505.419466,0.402504688,-0.2,-0.07,-0.22,0.03,0.05,0.03,0.09,-0.03,-0.15,-0.09,-0.23,-0.16,-0.19,0.18,0.14,4.7,5.7,-1,16.3,16.7,-0.4,26,23,1,49,3
5,ARI,SF,0,0,1404.484151,0.34063847,-0.36,-0.23,-0.37,-0.07,-0.06,-0.26,-0.21,-0.16,0.05,-0.05,-0.1,-0.02,-0.21,-0.12,-0.01,4.2,5.5,-1.3,9.2,23.5,-14.3,28,18,1,46,10
5,ATL,PIT,0,0,1565.82372,0.433591672,-0.1,-0.02,0.1,0.18,-0.01,-0.06,0.07,0.01,0.04,-0.03,-0.04,-0.09,0.09,0.14,0.02,6.5,5.9,0.6,29,30.5,-1.5,17,41,0,58,-24
5,BAL,CLE,0,0,1586.73377,0.761250574,0.21,0.13,0.05,-0.18,-0.02,-0.23,-0.13,-0.26,-0.17,-0.14,0.44,0.26,0.31,-0.01,0.12,5.3,4.4,0.9,30.8,16.2,14.6,9,12,0,21,-3
5,BUF,TEN,1,0,1473.693039,0.523259593,-0.56,-0.39,-0.58,-0.01,0.01,-0.09,-0.04,-0.13,0,0.04,-0.47,-0.35,-0.45,-0.01,-0.03,3.7,5.3,-1.6,12.5,26.5,-14,13,12,1,25,1
5,CAR,NYG,1,1,1568.980237,0.802086564,0.12,0.04,0.14,0.07,0.05,-0.19,-0.17,-0.05,0.13,-0.02,0.31,0.21,0.19,-0.06,0.07,5.8,6,-0.2,23.7,20,3.7,33,31,1,64,2
5,CIN,MIA,1,0,1516.990589,0.628321637,0.15,0.06,0.18,0.05,0.02,0.16,0.05,0.02,-0.12,0.02,-0.01,0.01,0.16,0.17,0,6.1,5.8,0.3,31.5,28.2,3.3,27,17,1,44,10
5,CLE,BAL,1,0,1320.299651,0.238749426,-0.23,-0.13,-0.26,-0.17,-0.14,0.21,0.13,0.05,-0.18,-0.02,-0.44,-0.26,-0.31,0.01,-0.12,5,5.4,-0.4,25.5,26,-0.5,12,9,1,21,3
5,DAL,HOU,0,0,1525.156957,0.609573728,-0.11,-0.02,-0.07,0.04,-0.01,0.05,0.03,0,0.02,0.07,-0.16,-0.05,-0.07,0.02,-0.08,5.4,4.9,0.5,16.8,19.2,-2.4,16,19,0,35,-3
5,DEN,NYJ,0,0,1443.819608,0.437494203,0.03,-0.02,0.05,0.01,-0.01,-0.03,-0.07,-0.29,-0.15,0.11,0.06,0.05,0.34,0.16,-0.12,6,5.7,0.3,21,24.2,-3.2,16,34,0,50,-18
5,DET,GB,1,0,1489.360214,0.596413535,-0.23,-0.12,-0.03,0.12,-0.08,0.1,0.1,0.04,-0.03,0.03,-0.33,-0.22,-0.07,0.15,-0.11,5.9,5.7,0.2,23.5,28.5,-5,31,23,1,54,8
5,GB,DET,0,0,1486.515855,0.403586465,0.1,0.1,0.04,-0.03,0.03,-0.23,-0.12,-0.03,0.12,-0.08,0.33,0.22,0.07,-0.15,0.11,5.5,5.3,0.2,23,20.8,2.2,23,31,0,54,-8
5,HOU,DAL,1,0,1382.762074,0.390426272,0.05,0.03,0,0.02,0.07,-0.11,-0.02,-0.07,0.04,-0.01,0.16,0.05,0.07,-0.02,0.08,5.9,5.6,0.3,24,27,-3,19,16,1,35,3
5,IND,NE,0,0,1399.963155,0.171017094,0.02,0,-0.1,-0.08,0.04,0.02,0.1,0.05,0.01,-0.03,0,-0.1,-0.15,-0.09,0.07,4.9,5.4,-0.5,23.5,25,-1.5,24,38,0,62,-14
5,JAX,KC,0,0,1570.596887,0.315513046,0.26,0.1,0.04,-0.19,0.04,0.27,0.13,0.38,0.25,0.14,-0.01,-0.03,-0.34,-0.44,-0.1,5.8,4.5,1.3,22,14,8,14,30,0,44,-16
5,KC,JAX,1,0,1640.136029,0.684486954,0.27,0.13,0.38,0.25,0.14,0.26,0.1,0.04,-0.19,0.04,0.01,0.03,0.34,0.44,0.1,6.6,6.7,-0.1,36.2,28.8,7.4,30,14,1,44,16
5,LAC,OAK,1,0,1533.387281,0.731797898,0.07,0.03,0.19,0.04,-0.08,-0.05,-0.05,0.08,0.12,-0.02,0.12,0.08,0.11,-0.08,-0.06,6.5,6.3,0.2,27.8,30,-2.2,26,10,1,36,16
5,LAR,SEA,0,0,1609.414936,0.504837453,0.5,0.32,0.43,-0.08,-0.01,-0.02,0.01,-0.14,-0.12,0,0.52,0.31,0.57,0.04,-0.01,7.4,5.8,1.6,35,16.8,18.2,33,31,1,64,2
5,MIA,CIN,0,0,1490.784694,0.371678363,0.16,0.05,0.02,-0.12,0.02,0.15,0.06,0.18,0.05,0.02,0.01,-0.01,-0.16,-0.17,0,5.7,5.7,0,20.5,22.5,-2,17,27,0,44,-10
5,MIN,PHI,0,0,1540.906796,0.301394567,-0.13,-0.01,-0.01,0.07,-0.05,-0.02,0.05,-0.08,-0.1,-0.04,-0.11,-0.06,0.07,0.17,-0.01,5.7,6.1,-0.4,22.5,27.5,-5,23,21,1,44,2
5,NE,IND,1,0,1609.165577,0.828982906,0.02,0.1,0.05,0.01,-0.03,0.02,0,-0.1,-0.08,0.04,0,0.1,0.15,0.09,-0.07,5.3,5.5,-0.2,23.8,21,2.8,38,24,1,62,14
5,NO,WSH,1,0,1598.562235,0.732053912,0.09,0.12,0.21,0.14,0.01,0.1,0.04,0.09,-0.05,-0.04,-0.01,0.08,0.12,0.19,0.05,6.3,6.5,-0.2,34.2,30.2,4,43,19,1,62,24
5,NYG,CAR,0,0,1390.881853,0.197913436,-0.19,-0.17,-0.05,0.13,-0.02,0.12,0.04,0.14,0.07,0.05,-0.31,-0.21,-0.19,0.06,-0.07,5.1,5.9,-0.8,18.2,23.8,-5.6,31,33,0,64,-2
5,NYJ,DEN,1,0,1422.481489,0.562505797,-0.03,-0.07,-0.29,-0.15,0.11,0.03,-0.02,0.05,0.01,-0.01,-0.06,-0.05,-0.34,-0.16,0.12,4.9,5.2,-0.3,22.2,22.2,0,34,16,1,50,18
5,OAK,LAC,0,0,1424.015688,0.268202102,-0.05,-0.05,0.08,0.12,-0.02,0.07,0.03,0.19,0.04,-0.08,-0.12,-0.08,-0.11,0.08,0.06,6.1,6.8,-0.7,24.2,30.8,-6.6,10,26,0,36,-16
5,PHI,MIN,1,0,1621.945412,0.698605433,-0.02,0.05,-0.08,-0.1,-0.04,-0.13,-0.01,-0.01,0.07,-0.05,0.11,0.06,-0.07,-0.17,0.01,5,5.4,-0.4,20.5,20.2,0.3,21,23,0,44,-2
5,PIT,ATL,1,0,1547.2432,0.566408328,-0.06,0.07,0.01,0.04,-0.03,-0.1,-0.02,0.1,0.18,-0.01,0.04,0.09,-0.09,-0.14,-0.02,6,6,0,25.5,29,-3.5,41,17,1,58,24
5,SEA,LAR,1,0,1541.053425,0.495162547,-0.02,0.01,-0.14,-0.12,0,0.5,0.32,0.43,-0.08,-0.01,-0.52,-0.31,-0.57,-0.04,0.01,4.9,5.2,-0.3,21.2,20.2,1,31,33,0,64,-2
5,SF,ARI,1,0,1454.216115,0.65936153,-0.26,-0.21,-0.16,0.05,-0.05,-0.36,-0.23,-0.37,-0.07,-0.06,0.1,0.02,0.21,0.12,0.01,5.9,5.5,0.4,25,29.5,-4.5,18,28,0,46,-10
5,TEN,BUF,0,0,1522.518945,0.476740407,-0.09,-0.04,-0.13,0,0.04,-0.56,-0.39,-0.58,-0.01,0.01,0.47,0.35,0.45,0.01,0.03,5,5.7,-0.7,18.8,18.2,0.6,12,13,0,25,-1
5,WSH,NO,0,1,1488.963977,0.267946088,0.1,0.04,0.09,-0.05,-0.04,0.09,0.12,0.21,0.14,0.01,0.01,-0.08,-0.12,-0.19,-0.05,5.7,4.7,1,21.3,14.7,6.6,19,43,0,62,-24
6,ARI,MIN,0,0,1437.845577,0.256911779,-0.26,-0.2,-0.3,-0.07,-0.03,-0.13,-0.03,0.02,0.09,-0.06,-0.13,-0.17,-0.32,-0.16,0.03,4.3,5.4,-1.1,13,22.4,-9.4,17,27,0,44,-10
6,ATL,TB,1,0,1538.486964,0.669045029,-0.17,-0.08,0.07,0.21,-0.02,-0.22,-0.14,0.09,0.28,-0.04,0.05,0.06,-0.02,-0.07,0.02,6.1,6,0.1,26.6,32.6,-6,34,29,1,63,5
6,BAL,TEN,0,0,1563.500128,0.474897005,0.16,0.12,0.02,-0.16,-0.02,-0.06,-0.04,-0.16,-0.03,0.07,0.22,0.16,0.18,-0.13,-0.09,5.2,4.6,0.6,26.4,15.4,11,21,0,1,21,21
6,BUF,HOU,0,0,1480.25383,0.521536757,-0.42,-0.35,-0.52,-0.09,0.01,0.02,0.02,-0.06,-0.03,0.05,-0.44,-0.37,-0.46,-0.06,-0.04,3.6,5.2,-1.6,12.6,23.6,-11,13,20,0,33,-7
6,CAR,WSH,0,0,1572.896136,0.550076172,0.04,0.02,0.04,0.09,0.09,-0.09,-0.04,-0.03,0.04,-0.02,0.13,0.06,0.07,0.05,0.11,5.6,6.5,-0.9,26,22.8,3.2,17,23,0,40,-6
6,CHI,MIA,0,1,1507.48887,0.455247787,0.34,0.12,-0.02,-0.32,0.05,0.16,0.07,-0.03,-0.12,0.07,0.18,0.05,0.01,-0.2,-0.02,5.3,5.1,0.2,27.8,16.2,11.6,28,31,0,59,-3
6,CIN,PIT,1,0,1534.105949,0.535237231,0.04,0.01,0.1,0.04,-0.03,0.07,0.12,0.09,0,-0.02,-0.03,-0.11,0.01,0.04,-0.01,6,5.6,0.4,30.6,26,4.6,21,28,0,49,-7
6,CLE,LAC,1,0,1343.533293,0.310073371,-0.14,-0.09,-0.22,-0.2,-0.12,0.17,0.1,0.24,0.01,-0.07,-0.31,-0.19,-0.46,-0.21,-0.05,5.1,5.3,-0.2,22.8,22.6,0.2,14,38,0,52,-24
6,DAL,JAX,1,0,1507.639738,0.527159347,-0.13,-0.05,-0.13,0,0,0.14,0.07,-0.06,-0.17,0.03,-0.27,-0.12,-0.07,0.17,-0.03,5.3,5.2,0.1,16.6,19.2,-2.6,40,7,1,47,33
6,DEN,LAR,1,0,1418.557469,0.312807252,0.02,-0.02,0.07,0.04,-0.02,0.39,0.29,0.39,-0.01,0,-0.37,-0.31,-0.32,0.05,-0.02,6,6.2,-0.2,20,26.2,-6.2,20,23,0,43,-3
6,GB,SF,1,0,1469.311021,0.657710309,0.04,0.07,0.1,0,-0.06,-0.23,-0.2,-0.14,0.04,-0.05,0.27,0.27,0.24,-0.04,-0.01,5.8,5.2,0.6,23,22.8,0.2,33,30,1,63,3
6,HOU,BUF,1,0,1400.279293,0.478463243,0.02,0.02,-0.06,-0.03,0.05,-0.42,-0.35,-0.52,-0.09,0.01,0.44,0.37,0.46,0.06,0.04,6,5.5,0.5,23,24.8,-1.8,20,13,1,33,7
6,IND,NYJ,0,0,1391.727206,0.332560595,-0.03,-0.02,-0.08,-0.01,0.04,0,-0.04,-0.19,-0.09,0.09,-0.03,0.02,0.11,0.08,-0.05,5,5.6,-0.6,23.6,27.6,-4,34,42,0,76,-8
6,JAX,DAL,0,0,1553.748897,0.472840653,0.14,0.07,-0.06,-0.17,0.03,-0.13,-0.05,-0.13,0,0,0.27,0.12,0.07,-0.17,0.03,5.9,4.8,1.1,20.4,17.2,3.2,7,40,0,47,-33
6,KC,NE,0,0,1656.98402,0.463486385,0.34,0.2,0.34,0.13,0.13,0.08,0.12,0.11,0.02,-0.01,0.26,0.08,0.23,0.11,0.14,6.5,6.5,0,35,25.8,9.2,40,43,0,83,-3
6,LAC,CLE,0,0,1547.468668,0.689926629,0.17,0.1,0.24,0.01,-0.07,-0.14,-0.09,-0.22,-0.2,-0.12,0.31,0.19,0.46,0.21,0.05,6.6,6.2,0.4,27.4,26,1.4,38,14,1,52,24
6,LAR,DEN,0,0,1620.278171,0.687192748,0.39,0.29,0.39,-0.01,0,0.02,-0.02,0.07,0.04,-0.02,0.37,0.31,0.32,-0.05,0.02,7.4,6,1.4,34.6,19.6,15,23,20,1,43,3
6,MIA,CHI,1,0,1473.669334,0.544752213,0.16,0.07,-0.03,-0.12,0.07,0.34,0.12,-0.02,-0.32,0.05,-0.18,-0.05,-0.01,0.2,0.02,5.5,5.7,-0.2,19.8,23.4,-3.6,31,28,1,59,3
6,MIN,ARI,1,0,1557.348121,0.743088221,-0.13,-0.03,0.02,0.09,-0.06,-0.26,-0.2,-0.3,-0.07,-0.03,0.13,0.17,0.32,0.16,-0.03,5.8,6.2,-0.4,22.6,26.2,-3.6,27,17,1,44,10
6,NE,KC,1,0,1617.401526,0.536513615,0.08,0.12,0.11,0.02,-0.01,0.34,0.2,0.34,0.13,0.13,-0.26,-0.08,-0.23,-0.11,-0.14,5.5,5.4,0.1,26.6,21.6,5,43,40,1,83,3
6,NYG,PHI,1,0,1386.965954,0.292383385,-0.06,-0.09,0.01,0.05,-0.01,-0.07,0.01,-0.07,-0.03,-0.03,0.01,-0.1,0.08,0.08,0.02,5.6,5.7,-0.1,20.8,25.6,-4.8,13,34,0,47,-21
6,NYJ,IND,1,0,1447.743628,0.667439405,0,-0.04,-0.19,-0.09,0.09,-0.03,-0.02,-0.08,-0.01,0.04,0.03,-0.02,-0.11,-0.08,0.05,5.6,5.4,0.2,24.6,21,3.6,42,34,1,76,8
6,OAK,SEA,0,0,1409.934301,0.33353306,-0.17,-0.12,0.02,0.16,-0.03,0.02,0.03,-0.03,-0.07,-0.02,-0.19,-0.15,0.05,0.23,-0.01,6.1,6.8,-0.7,21.4,29.8,-8.4,3,27,0,30,-24
6,PHI,NYG,0,0,1605.504087,0.707616615,-0.07,0.01,-0.07,-0.03,-0.03,-0.06,-0.09,0.01,0.05,-0.01,-0.01,0.1,-0.08,-0.08,-0.02,5.2,5.6,-0.4,20.6,20.8,-0.2,34,13,1,47,21
6,PIT,CIN,0,0,1574.579955,0.464762769,0.07,0.12,0.09,0,-0.02,0.04,0.01,0.1,0.04,-0.03,0.03,0.11,-0.01,-0.04,0.01,6.1,5.7,0.4,28.6,26.6,2,28,21,1,49,7
6,SEA,OAK,0,0,1530.19019,0.66646694,0.02,0.03,-0.03,-0.07,-0.02,-0.17,-0.12,0.02,0.16,-0.03,0.19,0.15,-0.05,-0.23,0.01,5.2,5.7,-0.5,23.2,22.8,0.4,27,3,1,30,24
6,SF,GB,0,0,1420.854689,0.342289691,-0.23,-0.2,-0.14,0.04,-0.05,0.04,0.07,0.1,0,-0.06,-0.27,-0.27,-0.24,0.04,0.01,5.6,5.3,0.3,23.6,29.2,-5.6,30,33,0,63,-3
6,TB,ATL,0,1,1481.212388,0.330954971,-0.22,-0.14,0.09,0.28,-0.04,-0.17,-0.08,0.07,0.21,-0.02,-0.05,-0.06,0.02,0.07,-0.02,7,7,0,28,34.8,-6.8,29,34,0,63,-5
6,TEN,BAL,1,0,1515.958153,0.525102995,-0.06,-0.04,-0.16,-0.03,0.07,0.16,0.12,0.02,-0.16,-0.02,-0.22,-0.16,-0.18,0.13,0.09,4.8,5.3,-0.5,17.4,17.2,0.2,0,21,0,21,-21
6,WSH,CAR,1,0,1472.982601,0.449923828,-0.09,-0.04,-0.03,0.04,-0.02,0.04,0.02,0.04,0.09,0.09,-0.13,-0.06,-0.07,-0.05,-0.11,5.5,5.3,0.2,20.8,21.8,-1,23,17,1,40,6
7,ARI,DEN,1,0,1426.477968,0.614618508,-0.26,-0.21,-0.31,-0.07,-0.02,0.05,0.02,0.1,0.01,-0.03,-0.31,-0.23,-0.41,-0.08,0.01,4.4,5.4,-1,13.7,23.2,-9.5,10,45,0,55,-35
7,ATL,NYG,1,0,1549.722343,0.803502964,-0.14,-0.09,0.09,0.23,-0.01,-0.12,-0.12,-0.01,0.09,-0.02,-0.02,0.03,0.1,0.14,0.01,6.2,6.4,-0.2,27.8,32,-4.2,23,20,1,43,3
7,BAL,NO,1,0,1596.222105,0.566774467,0.25,0.19,0.05,-0.2,0.01,0.15,0.16,0.21,0.07,0.01,0.1,0.03,-0.16,-0.27,0,5.2,4.4,0.8,25.5,12.8,12.7,23,24,0,47,-1
7,BUF,IND,0,0,1458.415078,0.522349104,-0.37,-0.32,-0.53,-0.19,-0.02,-0.05,-0.03,-0.07,0.01,0.04,-0.32,-0.29,-0.46,-0.2,-0.06,3.7,4.9,-1.2,12.7,23,-10.3,5,37,0,42,-32
7,CAR,PHI,0,0,1551.142941,0.313380894,0.08,0.04,0.07,0.03,0.04,-0.01,0.03,-0.05,-0.05,-0.01,0.09,0.01,0.12,0.08,0.05,5.7,6,-0.3,24.2,22.8,1.4,21,17,1,38,4
7,CHI,NE,1,0,1495.043114,0.400517216,0.28,0.12,0.04,-0.21,0.03,0.09,0.12,0.13,0.02,-0.03,0.19,0,-0.09,-0.23,0.06,5.7,5.6,0.1,27.8,19.2,8.6,31,38,0,69,-7
7,CIN,KC,0,0,1511.595104,0.242693816,0.07,0.04,0.12,0.06,0,0.35,0.23,0.32,0.13,0.16,-0.28,-0.19,-0.2,-0.07,-0.16,5.8,5.9,-0.1,29,26.3,2.7,10,45,0,55,-35
7,CLE,TB,0,0,1324.75729,0.229679469,-0.19,-0.14,-0.24,-0.13,-0.08,-0.16,-0.12,0.14,0.27,-0.03,-0.03,-0.02,-0.38,-0.4,-0.05,5,5.6,-0.6,21.3,25.2,-3.9,23,26,0,49,-3
7,DAL,WSH,0,0,1540.703956,0.472638343,-0.05,-0.01,-0.09,-0.03,0.02,-0.08,-0.05,-0.06,0.05,0.03,0.03,0.04,-0.03,-0.08,-0.01,5.3,5.1,0.2,20.5,17.2,3.3,17,20,0,37,-3
7,DEN,ARI,0,0,1410.392056,0.385381492,0.05,0.02,0.1,0.01,-0.03,-0.26,-0.21,-0.31,-0.07,-0.02,0.31,0.23,0.41,0.08,-0.01,6,6.2,-0.2,20,25.7,-5.7,45,10,1,55,35
7,DET,MIA,0,1,1506.565047,0.436236414,-0.26,-0.16,-0.05,0.16,-0.05,0.17,0.1,0.03,-0.07,0.07,-0.43,-0.26,-0.08,0.23,-0.12,5.7,6,-0.3,25,27.4,-2.4,32,21,1,53,11
7,HOU,JAX,0,0,1422.118045,0.280584282,-0.02,-0.01,-0.15,-0.08,0.06,0.04,0.01,-0.12,-0.14,0.02,-0.06,-0.02,-0.03,0.06,0.04,5.7,5.3,0.4,22.5,22.8,-0.3,20,7,1,27,13
7,IND,BUF,1,0,1377.874976,0.477650896,-0.05,-0.03,-0.07,0.01,0.04,-0.37,-0.32,-0.53,-0.19,-0.02,0.32,0.29,0.46,0.2,0.06,5.2,5.6,-0.4,25.3,30,-4.7,37,5,1,42,32
7,JAX,HOU,1,0,1520.684678,0.719415718,0.04,0.01,-0.12,-0.14,0.02,-0.02,-0.01,-0.15,-0.08,0.06,0.06,0.02,0.03,-0.06,-0.04,5.7,4.9,0.8,18.2,21,-2.8,7,20,0,27,-13
7,KC,CIN,1,0,1644.280221,0.757306184,0.35,0.23,0.32,0.13,0.16,0.07,0.04,0.12,0.06,0,0.28,0.19,0.2,0.07,0.16,6.8,6.6,0.2,35.8,28.7,7.1,45,10,1,55,35
7,LAC,TEN,0,0,1566.244671,0.617236584,0.23,0.16,0.27,-0.03,-0.06,-0.15,-0.1,-0.19,0.01,0.05,0.38,0.26,0.46,-0.04,-0.11,6.8,5.8,1,29.2,24,5.2,20,19,1,39,1
7,LAR,SF,0,0,1628.443583,0.705319453,0.32,0.26,0.33,0.01,0,-0.17,-0.16,-0.07,0.06,-0.03,0.49,0.42,0.4,-0.05,0.03,7.2,6,1.2,32.7,19.7,13,39,10,1,49,29
7,MIA,DET,1,0,1486.11509,0.563763586,0.17,0.1,0.03,-0.07,0.07,-0.26,-0.16,-0.05,0.16,-0.05,0.43,0.26,0.08,-0.23,0.12,5.9,5.9,0,21.7,24.2,-2.5,21,32,0,53,-11
7,MIN,NYJ,0,0,1568.71573,0.560320151,-0.07,-0.01,0,0.03,-0.04,0.02,-0.02,-0.16,-0.09,0.1,-0.09,0.01,0.16,0.12,-0.14,5.8,6,-0.2,23.3,24.7,-1.4,37,17,1,54,20
7,NE,CHI,0,0,1630.105325,0.599482784,0.09,0.12,0.13,0.02,-0.03,0.28,0.12,0.04,-0.21,0.03,-0.19,0,0.09,0.23,-0.06,5.8,5.9,-0.1,29.3,24.7,4.6,38,31,1,69,7
7,NO,BAL,0,1,1614.543611,0.433225533,0.15,0.16,0.21,0.07,0.01,0.25,0.19,0.05,-0.2,0.01,-0.1,-0.03,0.16,0.27,0,6.5,6.1,0.4,36,28,8,24,23,1,47,1
7,NYG,ATL,0,0,1370.069752,0.196497036,-0.12,-0.12,-0.01,0.09,-0.02,-0.14,-0.09,0.09,0.23,-0.01,0.02,-0.03,-0.1,-0.14,-0.01,5.7,5.7,0,19.5,27,-7.5,20,23,0,43,-3
7,NYJ,MIN,1,0,1461.595858,0.439679849,0.02,-0.02,-0.16,-0.09,0.1,-0.07,-0.01,0,0.03,-0.04,0.09,-0.01,-0.16,-0.12,0.14,5.6,5.6,0,27.5,23.2,4.3,17,37,0,54,-20
7,PHI,CAR,1,0,1622.400289,0.686619106,-0.01,0.03,-0.05,-0.05,-0.01,0.08,0.04,0.07,0.03,0.04,-0.09,-0.01,-0.12,-0.08,-0.05,5.3,5.7,-0.4,22.8,19.5,3.3,17,21,0,38,-4
7,SF,LAR,1,0,1411.829826,0.294680547,-0.17,-0.16,-0.07,0.06,-0.03,0.32,0.26,0.33,0.01,0,-0.49,-0.42,-0.4,0.05,-0.03,5.9,5.7,0.2,24.7,29.8,-5.1,10,39,0,49,-29
7,TB,CLE,1,0,1469.977009,0.770320531,-0.16,-0.12,0.14,0.27,-0.03,-0.19,-0.14,-0.24,-0.13,-0.08,0.03,0.02,0.38,0.4,0.05,7.2,6.9,0.3,28.2,34.6,-6.4,26,23,1,49,3
7,TEN,LAC,0,0,1483.236176,0.382763416,-0.15,-0.1,-0.19,0.01,0.05,0.23,0.16,0.27,-0.03,-0.06,-0.38,-0.26,-0.46,0.04,0.11,4.6,5.2,-0.6,14.5,17.8,-3.3,19,20,0,39,-1
7,WSH,DAL,1,0,1494.735796,0.527361657,-0.08,-0.05,-0.06,0.05,0.03,-0.05,-0.01,-0.09,-0.03,0.02,-0.03,-0.04,0.03,0.08,0.01,5.2,5.5,-0.3,21.2,20.8,0.4,20,17,1,37,3
8,ARI,SF,1,0,1380.742338,0.575216501,-0.37,-0.31,-0.4,-0.05,-0.02,-0.23,-0.22,-0.15,0.04,-0.04,-0.14,-0.09,-0.25,-0.09,0.02,4.2,5.5,-1.3,13.1,26.3,-13.2,18,15,1,33,3
8,BAL,CAR,0,0,1588.194619,0.426410992,0.21,0.18,0.08,-0.14,0,0.12,0.08,0.11,0.03,0.03,0.09,0.1,-0.03,-0.17,-0.03,5.2,4.5,0.7,25.1,14.4,10.7,21,36,0,57,-15
8,BUF,NE,1,0,1421.627269,0.285191792,-0.44,-0.39,-0.53,-0.11,-0.01,0.13,0.15,0.14,0.01,0,-0.57,-0.54,-0.67,-0.12,-0.01,3.9,5.1,-1.2,11.6,25,-13.4,6,25,0,31,-19
8,CAR,BAL,1,0,1574.70359,0.573589008,0.12,0.08,0.11,0.03,0.03,0.21,0.18,0.08,-0.14,0,-0.09,-0.1,0.03,0.17,0.03,5.8,5.9,-0.1,23.7,21.8,1.9,36,21,1,57,15
8,CHI,NYJ,1,0,1478.900167,0.651354936,0.18,0.1,0.05,-0.16,-0.03,-0.06,-0.07,-0.21,-0.07,0.08,0.24,0.17,0.26,-0.09,-0.11,5.8,5.7,0.1,28.3,22.3,6,24,10,1,34,14
8,CIN,TB,1,0,1495.635248,0.619731918,-0.08,-0.08,0.02,0.1,-0.01,-0.18,-0.14,0.08,0.23,-0.03,0.1,0.06,-0.06,-0.13,0.02,5.6,6.2,-0.6,26.3,29,-2.7,37,34,1,71,3
8,CLE,PIT,0,0,1318.944647,0.121819892,-0.16,-0.13,-0.25,-0.15,-0.05,0.07,0.11,0.12,0.02,-0.03,-0.23,-0.24,-0.37,-0.17,-0.02,5,5.5,-0.5,21.6,25.3,-3.7,18,33,0,51,-15
8,DEN,KC,0,0,1456.127686,0.175211173,0.19,0.14,0.12,-0.08,-0.01,0.39,0.31,0.36,0.09,0.12,-0.2,-0.17,-0.24,-0.17,-0.13,5.9,5.8,0.1,23.6,23.4,0.2,23,30,0,53,-7
8,DET,SEA,1,0,1535.162136,0.570917166,-0.19,-0.13,0.03,0.18,-0.04,0.12,0.09,-0.01,-0.14,-0.01,-0.31,-0.22,0.04,0.32,-0.03,6,6,0,26.2,26.3,-0.1,14,28,0,42,-14
8,GB,LAR,0,1,1478.335885,0.206490648,0.03,0.06,0.12,0.05,-0.04,0.38,0.34,0.32,-0.06,0.01,-0.35,-0.28,-0.2,0.11,-0.05,6.1,5.5,0.6,24.7,24,0.7,27,29,0,56,-2
8,HOU,MIA,1,0,1463.139515,0.600255575,0.05,0.05,-0.12,-0.13,0.05,0.11,0.07,0.04,-0.02,0.05,-0.06,-0.02,-0.16,-0.11,0,5.5,5,0.5,22.1,20.6,1.5,42,23,1,65,19
8,IND,OAK,0,0,1414.662785,0.442812846,0.05,0.04,-0.01,-0.02,0.03,-0.22,-0.17,-0.04,0.14,-0.04,0.27,0.21,0.03,-0.16,0.07,5.4,5.6,-0.2,27,26.4,0.6,42,28,1,70,14
8,JAX,PHI,0,0,1479.663208,0.334915756,-0.04,-0.04,-0.16,-0.11,0.01,-0.07,-0.03,-0.07,-0.02,-0.02,0.03,-0.01,-0.09,-0.09,0.03,5.4,4.8,0.6,16.6,20.9,-4.3,18,24,0,42,-6
8,KC,DEN,1,0,1660.240076,0.824788827,0.39,0.31,0.36,0.09,0.12,0.19,0.14,0.12,-0.08,-0.01,0.2,0.17,0.24,0.17,0.13,6.9,6.3,0.6,37.1,26,11.1,30,23,1,53,7
8,LAR,GB,1,0,1647.19655,0.793509352,0.38,0.34,0.32,-0.06,0.01,0.03,0.06,0.12,0.05,-0.04,0.35,0.28,0.2,-0.11,0.05,6.9,5.7,1.2,33.6,18.3,15.3,29,27,1,56,2
8,MIA,HOU,0,0,1457.518,0.399744425,0.11,0.07,0.04,-0.02,0.05,0.05,0.05,-0.12,-0.13,0.05,0.06,0.02,0.16,0.11,0,5.9,6.2,-0.3,21.6,25.3,-3.7,23,42,0,65,-19
8,MIN,NO,1,0,1594.985096,0.553635907,0,0.03,0.01,-0.01,-0.02,0.14,0.15,0.21,0.08,0.02,-0.14,-0.12,-0.2,-0.09,-0.04,5.7,5.7,0,25.3,23.6,1.7,20,30,0,50,-10
8,NE,BUF,0,0,1646.248272,0.714808208,0.13,0.15,0.14,0.01,0,-0.44,-0.39,-0.53,-0.11,-0.01,0.57,0.54,0.67,0.12,0.01,5.8,5.9,-0.1,30.6,25.6,5,25,6,1,31,19
8,NO,MIN,0,0,1622.571097,0.446364093,0.14,0.15,0.21,0.08,0.02,0,0.03,0.01,-0.01,-0.02,0.14,0.12,0.2,0.09,0.04,6.2,6,0.2,34,27.2,6.8,30,20,1,50,10
8,NYG,WSH,1,0,1365.16692,0.390198987,-0.12,-0.12,0,0.11,-0.01,-0.05,-0.03,-0.04,0.03,0.03,-0.07,-0.09,0.04,0.08,-0.04,5.9,5.9,0,19.6,26.4,-6.8,13,20,0,33,-7
8,NYJ,CHI,0,0,1435.326492,0.348645064,-0.06,-0.07,-0.21,-0.07,0.08,0.18,0.1,0.05,-0.16,-0.03,-0.24,-0.17,-0.26,0.09,0.11,5.3,5.5,-0.2,26,25.1,0.9,10,24,0,34,-14
8,OAK,IND,1,1,1389.575139,0.557187154,-0.22,-0.17,-0.04,0.14,-0.04,0.05,0.04,-0.01,-0.02,0.03,-0.27,-0.21,-0.03,0.16,-0.07,5.7,6.7,-1,18.3,29.3,-11,28,42,0,70,-14
8,PHI,JAX,0,0,1598.83964,0.665084244,-0.07,-0.03,-0.07,-0.02,-0.02,-0.04,-0.04,-0.16,-0.11,0.01,-0.03,0.01,0.09,0.09,-0.03,5.3,5.8,-0.5,22,19.7,2.3,24,18,1,42,6
8,PIT,CLE,1,1,1597.090801,0.878180108,0.07,0.11,0.12,0.02,-0.03,-0.16,-0.13,-0.25,-0.15,-0.05,0.23,0.24,0.37,0.17,0.02,6.2,5.6,0.6,28.5,25.7,2.8,33,18,1,51,15
8,SEA,DET,0,1,1550.549352,0.429082834,0.12,0.09,-0.01,-0.14,-0.01,-0.19,-0.13,0.03,0.18,-0.04,0.31,0.22,-0.04,-0.32,0.03,5.4,5.3,0.1,23.8,19.5,4.3,28,14,1,42,14
8,SF,ARI,0,0,1393.076859,0.424783499,-0.23,-0.22,-0.15,0.04,-0.04,-0.37,-0.31,-0.4,-0.05,-0.02,0.14,0.09,0.25,0.09,-0.02,5.6,5.7,-0.1,22.6,31.1,-8.5,15,18,0,33,-3
8,TB,CIN,0,0,1475.789653,0.380268082,-0.18,-0.14,0.08,0.23,-0.03,-0.08,-0.08,0.02,0.1,-0.01,-0.1,-0.06,0.06,0.13,-0.02,6.7,6.6,0.1,27.8,32.7,-4.9,34,37,0,71,-3
8,WSH,NYG,0,0,1507.727722,0.609801013,-0.05,-0.03,-0.04,0.03,0.03,-0.12,-0.12,0,0.11,-0.01,0.07,0.09,-0.04,-0.08,0.04,5.2,5.4,-0.2,21,20.2,0.8,20,13,1,33,7
9,ATL,WSH,0,1,1554.625175,0.451542362,-0.12,-0.09,0.08,0.2,0,0.01,0.01,-0.03,-0.02,0.02,-0.13,-0.1,0.11,0.22,-0.02,6.3,6.4,-0.1,27.1,30.3,-3.2,38,14,1,52,24
9,BAL,PIT,1,0,1565.090318,0.539001029,0.13,0.12,0.04,-0.09,0,0.08,0.1,0.13,0.03,-0.02,0.05,0.02,-0.09,-0.12,0.02,5.2,4.7,0.5,24.6,17.1,7.5,16,23,0,39,-7
9,BUF,CHI,1,0,1405.695997,0.462367825,-0.4,-0.38,-0.52,-0.12,0,0.2,0.13,0.08,-0.16,-0.04,-0.6,-0.51,-0.6,0.04,0.04,4.1,5.2,-1.1,10.9,25,-14.1,9,41,0,50,-32
9,CAR,TB,1,0,1597.807892,0.756760768,0.2,0.16,0.17,0,0.03,-0.22,-0.18,0.04,0.23,-0.03,0.42,0.34,0.13,-0.23,0.06,5.8,5.7,0.1,25.4,21.7,3.7,42,28,1,70,14
9,CHI,BUF,0,0,1496.895056,0.537632175,0.2,0.13,0.08,-0.16,-0.04,-0.4,-0.38,-0.52,-0.12,0,0.6,0.51,0.6,-0.04,-0.04,5.8,5.4,0.4,27.7,20.6,7.1,41,9,1,50,32
9,CLE,KC,1,0,1313.100986,0.159561049,-0.2,-0.18,-0.26,-0.12,-0.06,0.37,0.33,0.33,0.07,0.11,-0.57,-0.51,-0.59,-0.19,-0.17,4.9,5.6,-0.7,21.1,26.2,-5.1,21,37,0,58,-16
9,DAL,TEN,1,1,1527.712029,0.659176858,-0.04,-0.01,-0.09,-0.05,0,-0.15,-0.12,-0.19,0.01,0.05,0.11,0.11,0.1,-0.06,-0.05,5.3,5.1,0.2,20,17.6,2.4,14,28,0,42,-14
9,DEN,HOU,1,0,1449.635061,0.540622727,0.15,0.13,0.08,-0.09,-0.02,0.08,0.08,-0.07,-0.11,0.04,0.07,0.05,0.15,0.02,-0.06,5.9,5.9,0,23.5,24.2,-0.7,17,19,0,36,-2
9,DET,MIN,0,0,1503.527284,0.321877213,-0.2,-0.16,0.03,0.19,-0.04,0,0.01,0,-0.03,-0.03,-0.2,-0.17,0.03,0.22,-0.01,6,6.1,-0.1,24.4,26.6,-2.2,9,24,0,33,-15
9,GB,NE,0,0,1474.234771,0.18906958,0.09,0.09,0.13,0.02,-0.03,0.12,0.13,0.13,-0.01,-0.02,-0.03,-0.04,0,0.03,-0.01,6.2,5.5,0.7,25,24.7,0.3,17,31,0,48,-14
9,HOU,DEN,0,0,1486.345144,0.459377273,0.08,0.08,-0.07,-0.11,0.04,0.15,0.13,0.08,-0.09,-0.02,-0.07,-0.05,-0.15,-0.02,0.06,5.7,5.1,0.6,24.6,20.9,3.7,19,17,1,36,2
9,KC,CLE,0,0,1666.732701,0.840438951,0.37,0.33,0.33,0.07,0.11,-0.2,-0.18,-0.26,-0.12,-0.06,0.57,0.51,0.59,0.19,0.17,6.9,6.3,0.6,36.2,25.6,10.6,37,21,1,58,16
9,LAC,SEA,0,1,1571.357968,0.392577433,0.2,0.16,0.27,0,-0.06,0.15,0.13,0.02,-0.13,0,0.05,0.03,0.25,0.13,-0.06,6.9,5.8,1.1,27.9,23.3,4.6,25,17,1,42,8
9,LAR,NO,0,0,1651.297664,0.409920991,0.33,0.31,0.28,-0.04,0.01,0.13,0.14,0.18,0.08,0.03,0.2,0.17,0.1,-0.12,-0.02,6.7,5.8,0.9,33,19.4,13.6,35,45,0,80,-10
9,MIA,NYJ,1,0,1434.312371,0.615837913,0.06,0.05,0.04,0.04,0.06,-0.11,-0.11,-0.23,-0.05,0.08,0.17,0.16,0.27,0.09,-0.02,5.9,6.4,-0.5,21.8,27.4,-5.6,13,6,1,19,7
9,MIN,DET,1,0,1567.974526,0.678122787,0,0.01,0,-0.03,-0.03,-0.2,-0.16,0.03,0.19,-0.04,0.2,0.17,-0.03,-0.22,0.01,5.7,5.6,0.1,24.6,24.4,0.2,24,9,1,33,15
9,NE,GB,1,0,1662.179544,0.81093042,0.12,0.13,0.13,-0.01,-0.02,0.09,0.09,0.13,0.02,-0.03,0.03,0.04,0,-0.03,0.01,5.7,5.8,-0.1,29.9,23.1,6.8,31,17,1,48,14
9,NO,LAR,1,0,1649.581667,0.590079009,0.13,0.14,0.18,0.08,0.03,0.33,0.31,0.28,-0.04,0.01,-0.2,-0.17,-0.1,0.12,0.02,6.1,6.1,0,33.4,26.1,7.3,45,35,1,80,10
9,NYJ,MIA,0,0,1417.331603,0.384162087,-0.11,-0.11,-0.23,-0.05,0.08,0.06,0.05,0.04,0.04,0.06,-0.17,-0.16,-0.27,-0.09,0.02,5.1,5.5,-0.4,24,25,-1,6,13,0,19,-7
9,OAK,SF,0,0,1358.839722,0.376356237,-0.21,-0.18,0,0.18,-0.04,-0.24,-0.23,-0.16,0.04,-0.04,0.03,0.05,0.16,0.14,0,5.9,6.7,-0.8,19.7,31.1,-11.4,3,34,0,37,-31
9,PIT,BAL,0,0,1602.934462,0.460998971,0.08,0.1,0.13,0.03,-0.02,0.13,0.12,0.04,-0.09,0,-0.05,-0.02,0.09,0.12,-0.02,6.2,5.4,0.8,29.1,24.6,4.5,23,16,1,39,7
9,SEA,LAC,1,0,1582.184205,0.607422567,0.15,0.13,0.02,-0.13,0,0.2,0.16,0.27,0,-0.06,-0.05,-0.03,-0.25,-0.13,0.06,5.6,5.4,0.2,24.4,18.7,5.7,17,25,0,42,-8
9,SF,OAK,1,0,1381.574708,0.623643763,-0.24,-0.23,-0.16,0.04,-0.04,-0.21,-0.18,0,0.18,-0.04,-0.03,-0.05,-0.16,-0.14,0,5.5,5.6,-0.1,21.6,29.5,-7.9,34,3,1,37,31
9,TB,CAR,0,0,1465.637897,0.243239232,-0.22,-0.18,0.04,0.23,-0.03,0.2,0.16,0.17,0,0.03,-0.42,-0.34,-0.13,0.23,-0.06,6.8,6.5,0.3,28.7,33.3,-4.6,28,42,0,70,-14
9,TEN,DAL,0,1,1478.122879,0.340823142,-0.15,-0.12,-0.19,0.01,0.05,-0.04,-0.01,-0.09,-0.05,0,-0.11,-0.11,-0.1,0.06,0.05,4.8,5.5,-0.7,15.1,18.1,-3,28,14,1,42,14
9,WSH,ATL,1,0,1523.403011,0.548457638,0.01,0.01,-0.03,-0.02,0.02,-0.12,-0.09,0.08,0.2,0,0.13,0.1,-0.11,-0.22,0.02,5.3,5.3,0,20.9,19.1,1.8,14,38,0,52,-24
10,ARI,KC,0,1,1392.244489,0.119175478,-0.33,-0.33,-0.38,-0.07,-0.01,0.44,0.43,0.42,0.08,0.1,-0.764,-0.757,-0.799,-0.147,-0.111,4.3,5.3,-1,13.8,24.9,-11.1,26,14,1,40,12
10,ATL,CLE,0,0,1590.484078,0.780500518,-0.04,-0.03,0.15,0.19,0,-0.22,-0.22,-0.22,-0.06,-0.05,0.181,0.192,0.376,0.251,0.057,6.5,6.3,0.2,28.5,28.2,0.3,28,16,1,44,12
10,BUF,NYJ,0,0,1373.743062,0.369020823,-0.42,-0.39,-0.54,-0.13,0,-0.11,-0.14,-0.27,-0.09,0.07,-0.303,-0.249,-0.271,-0.037,-0.069,4,5.1,-1.1,10.7,26.8,-16.1,10,41,0,51,-31
10,CAR,PIT,0,0,1609.898389,0.385863271,0.24,0.25,0.19,-0.02,0.03,0.1,0.1,0.14,0.02,-0.02,0.14,0.141,0.05,-0.038,0.054,6,5.6,0.4,27.5,22.5,5,52,21,1,73,31
10,CHI,DET,1,0,1528.847991,0.649527608,0.22,0.22,0.07,-0.18,-0.03,-0.23,-0.19,-0.03,0.18,-0.03,0.455,0.417,0.092,-0.357,0.006,5.6,5.1,0.5,29.4,19.1,10.3,22,34,0,56,-12
10,CIN,NO,1,1,1505.787004,0.362719449,0.01,0,0.04,0.03,0,0.14,0.15,0.2,0.08,0.02,-0.125,-0.15,-0.155,-0.053,-0.024,5.7,6.3,-0.6,27.6,29.6,-2,51,14,1,65,37
10,CLE,ATL,1,0,1305.108199,0.219499482,-0.22,-0.22,-0.22,-0.06,-0.05,-0.04,-0.03,0.15,0.19,0,-0.181,-0.192,-0.376,-0.251,-0.057,4.9,5.9,-1,21.1,27.4,-6.3,16,28,0,44,-12
10,DAL,PHI,0,0,1490.048613,0.255099409,-0.11,-0.11,-0.11,-0.01,-0.01,-0.05,-0.06,-0.05,-0.02,-0.02,-0.065,-0.052,-0.064,0.017,0.016,5.3,5.1,0.2,19.2,18.9,0.3,20,27,0,47,-7
10,DET,CHI,0,0,1486.67047,0.350472392,-0.23,-0.19,-0.03,0.18,-0.03,0.22,0.22,0.07,-0.18,-0.03,-0.455,-0.417,-0.092,0.357,-0.006,5.6,6.1,-0.5,22.5,26.2,-3.7,34,22,1,56,12
10,GB,MIA,1,0,1465.05053,0.613594522,0.05,0.05,0.11,0.04,-0.03,0.05,0.04,0,0.01,0.06,0.005,0.002,0.115,0.029,-0.081,6.1,5.6,0.5,24,25.5,-1.5,12,31,0,43,-19
10,IND,JAX,1,1,1445.398202,0.561708973,0.03,0.04,0.03,0.03,0.03,-0.04,-0.04,-0.16,-0.09,0.03,0.069,0.086,0.189,0.116,-0.004,5.5,5.7,-0.2,28.9,26.6,2.3,26,29,0,55,-3
10,JAX,IND,0,1,1467.298689,0.438291027,-0.04,-0.04,-0.16,-0.09,0.03,0.03,0.04,0.03,0.03,0.03,-0.069,-0.086,-0.189,-0.116,0.004,5.4,5,0.4,16.8,21.2,-4.4,29,26,1,55,3
10,KC,ARI,1,0,1674.725487,0.880824522,0.44,0.43,0.42,0.08,0.1,-0.33,-0.33,-0.38,-0.07,-0.01,0.764,0.757,0.799,0.147,0.111,7.1,6.2,0.9,36.3,25.1,11.2,14,26,0,40,-12
10,LAC,OAK,0,0,1599.003695,0.760010098,0.21,0.21,0.28,-0.02,-0.08,-0.29,-0.3,-0.05,0.2,-0.04,0.501,0.514,0.324,-0.217,-0.04,7,5.7,1.3,27.5,22.5,5,6,20,0,26,-14
10,LAR,SEA,1,0,1632.188398,0.694482297,0.3,0.3,0.28,-0.01,0.01,0.11,0.13,0.01,-0.09,0.01,0.187,0.171,0.275,0.089,0.001,6.9,6,0.9,33.2,22.2,11,31,36,0,67,-5
10,MIA,GB,0,0,1449.715251,0.386405478,0.05,0.04,0,0.01,0.06,0.05,0.05,0.11,0.04,-0.03,-0.005,-0.002,-0.115,-0.029,0.081,5.6,6.1,-0.5,20.8,25,-4.2,31,12,1,43,19
10,NE,TEN,0,0,1671.363785,0.627476464,0.17,0.17,0.14,-0.02,0,-0.1,-0.09,-0.12,0.01,0.03,0.264,0.26,0.262,-0.028,-0.026,5.8,5.7,0.1,30,22.4,7.6,34,10,1,44,24
10,NO,CIN,0,0,1668.690932,0.637280551,0.14,0.15,0.2,0.08,0.02,0.01,0,0.04,0.03,0,0.125,0.15,0.155,0.053,0.024,6.2,6.3,-0.1,34.9,27.2,7.7,14,51,0,65,-37
10,NYG,SF,0,1,1349.491631,0.33108871,-0.13,-0.13,-0.06,0.08,0,-0.19,-0.18,-0.15,0.01,-0.04,0.056,0.047,0.087,0.07,0.038,5.7,5.8,-0.1,18.8,25.6,-6.8,23,27,0,50,-4
10,NYJ,BUF,1,0,1401.928724,0.630979177,-0.11,-0.14,-0.27,-0.09,0.07,-0.42,-0.39,-0.54,-0.13,0,0.303,0.249,0.271,0.037,0.069,5.1,5.3,-0.2,22,23.7,-1.7,41,10,1,51,31
10,OAK,LAC,1,0,1333.753137,0.239989902,-0.29,-0.3,-0.05,0.2,-0.04,0.21,0.21,0.28,-0.02,-0.08,-0.501,-0.514,-0.324,0.217,0.04,5.7,6.8,-1.1,17.6,31.5,-13.9,20,6,1,26,14
10,PHI,DAL,1,1,1611.20416,0.744900591,-0.05,-0.06,-0.05,-0.02,-0.02,-0.11,-0.11,-0.11,-0.01,-0.01,0.065,0.052,0.064,-0.017,-0.016,5.4,5.7,-0.3,22.2,19.5,2.7,27,20,1,47,7
10,PIT,CAR,1,0,1625.631042,0.614136729,0.1,0.1,0.14,0.02,-0.02,0.24,0.25,0.19,-0.02,0.03,-0.14,-0.141,-0.05,0.038,-0.054,6.1,5.3,0.8,28.4,23.5,4.9,21,52,0,73,-31
10,SEA,LAR,0,0,1554.538479,0.305517703,0.11,0.13,0.01,-0.09,0.01,0.3,0.3,0.28,-0.01,0.01,-0.187,-0.171,-0.275,-0.089,-0.001,5.4,5.6,-0.2,23.5,19.5,4,36,31,1,67,5
10,SF,NYG,1,0,1406.661293,0.66891129,-0.19,-0.18,-0.15,0.01,-0.04,-0.13,-0.13,-0.06,0.08,0,-0.056,-0.047,-0.087,-0.07,-0.038,5.6,5.5,0.1,23,26.6,-3.6,27,23,1,50,4
10,TB,WSH,1,0,1453.547399,0.544499272,-0.21,-0.22,0.03,0.22,-0.02,-0.06,-0.06,-0.04,0.05,0.03,-0.148,-0.158,0.065,0.168,-0.047,6.5,6.6,-0.1,28.6,34.4,-5.8,16,3,1,19,13
10,TEN,NE,1,0,1515.786295,0.372523536,-0.1,-0.09,-0.12,0.01,0.03,0.17,0.17,0.14,-0.02,0,-0.264,-0.26,-0.262,0.028,0.026,4.8,5.5,-0.7,16.8,17.6,-0.8,10,34,0,44,-24
10,WSH,TB,0,0,1487.544108,0.455500728,-0.06,-0.06,-0.04,0.05,0.03,-0.21,-0.22,0.03,0.22,-0.02,0.148,0.158,-0.065,-0.168,0.047,5.3,5.6,-0.3,20,21.5,-1.5,3,16,0,19,-13
11,ARI,OAK,1,0,1386.964811,0.678974221,-0.295,-0.278,-0.382,-0.093,-0.006,-0.289,-0.313,-0.076,0.173,-0.039,-0.006,0.035,-0.306,-0.266,0.033,4.3,5.3,-1,13.8,24.9,-11.1,,,,,
11,ATL,DAL,1,0,1545.987979,0.622780215,-0.087,-0.079,0.142,0.233,0.005,-0.122,-0.129,-0.09,0.014,-0.019,0.035,0.05,0.232,0.219,0.024,6.5,6.3,0.2,28.5,28.2,0.3,,,,,
11,BAL,CIN,1,1,1542.393738,0.674877158,0.145,0.139,0.046,-0.095,0.004,-0.071,-0.102,-0.007,0.065,0.001,0.216,0.241,0.053,-0.16,0.003,5.2,4.8,0.4,23.7,17.8,5.9,,,,,
11,CAR,DET,0,0,1584.099132,0.570860147,0.094,0.103,0.127,0.058,0.024,-0.268,-0.228,-0.059,0.187,-0.021,0.362,0.331,0.186,-0.129,0.045,6,5.6,0.4,27.5,22.5,5,,,,,
11,CHI,MIN,1,0,1545.99168,0.53757677,0.229,0.226,0.079,-0.201,-0.051,0.031,0.025,-0.028,-0.084,-0.025,0.198,0.201,0.107,-0.117,-0.026,5.6,5.1,0.5,29.4,19.1,10.3,,,,,
11,CIN,BAL,0,0,1480.522839,0.325122842,-0.071,-0.102,-0.007,0.065,0.001,0.145,0.139,0.046,-0.095,0.004,-0.216,-0.241,-0.053,0.16,-0.003,5.7,6.3,-0.6,27.6,29.6,-2,,,,,
11,DAL,ATL,0,0,1523.891842,0.377219785,-0.122,-0.129,-0.09,0.014,-0.019,-0.087,-0.079,0.142,0.233,0.005,-0.035,-0.05,-0.232,-0.219,-0.024,5.3,5.1,0.2,19.2,18.9,0.3,,,,,
11,DEN,LAC,0,1,1437.601627,0.202320196,0.116,0.126,0.042,-0.106,-0.032,0.234,0.232,0.251,-0.057,-0.073,-0.118,-0.106,-0.209,-0.049,0.041,5.9,5.7,0.2,22.8,23.7,-0.9,,,,,
11,DET,CAR,1,0,1469.526781,0.429139853,-0.268,-0.228,-0.059,0.187,-0.021,0.094,0.103,0.127,0.058,0.024,-0.362,-0.331,-0.186,0.129,-0.045,5.6,6.1,-0.5,22.5,26.2,-3.7,,,,,
11,GB,SEA,0,0,1487.386265,0.331470091,0.11,0.114,0.121,-0.013,-0.025,0.118,0.129,0.047,-0.059,0.013,-0.008,-0.015,0.074,0.046,-0.038,6.1,5.6,0.5,24,25.5,-1.5,,,,,
11,HOU,WSH,0,1,1498.378578,0.382345812,0.064,0.063,-0.081,-0.113,0.033,-0.057,-0.056,-0.062,0.029,0.033,0.121,0.119,-0.019,-0.142,0,5.6,5.2,0.4,24,20.4,3.6,,,,,
11,IND,TEN,1,0,1457.316717,0.448946727,0.009,0.024,0.034,0.038,0.013,-0.012,0.013,-0.08,-0.042,0.026,0.021,0.011,0.114,0.08,-0.013,5.5,5.7,-0.2,28.9,26.6,2.3,,,,,
11,JAX,PIT,1,0,1455.380173,0.319866547,-0.053,-0.068,-0.153,-0.071,0.029,0.211,0.235,0.208,-0.011,-0.008,-0.264,-0.303,-0.361,-0.06,0.037,5.4,5,0.4,16.8,21.2,-4.4,,,,,
11,KC,LAR,0,0,1680.005165,0.460557029,0.431,0.417,0.408,0.065,0.087,0.321,0.318,0.323,0.014,0.011,0.11,0.099,0.085,0.051,0.076,7.1,6.2,0.9,36.3,25.1,11.2,,,,,
11,LAC,DEN,1,0,1610.91737,0.797679804,0.234,0.232,0.251,-0.057,-0.073,0.116,0.126,0.042,-0.106,-0.032,0.118,0.106,0.209,0.049,-0.041,7,5.7,1.3,27.5,22.5,5,,,,,
11,LAR,KC,1,0,1642.470014,0.539442971,0.321,0.318,0.323,0.014,0.011,0.431,0.417,0.408,0.065,0.087,-0.11,-0.099,-0.085,-0.051,-0.076,6.9,6,0.9,33.2,22.2,11,,,,,
11,MIN,CHI,0,1,1584.831339,0.46242323,0.031,0.025,-0.028,-0.084,-0.025,0.229,0.226,0.079,-0.201,-0.051,-0.198,-0.201,-0.107,0.117,0.026,5.8,5.3,0.5,24.6,22.7,1.9,,,,,
11,NO,PHI,1,0,1693.955097,0.739879057,0.184,0.208,0.226,0.067,0.025,-0.054,-0.054,-0.041,0.002,-0.011,0.238,0.262,0.267,0.065,0.036,6.2,6.3,-0.1,34.9,27.2,7.7,,,,,
11,NYG,TB,1,0,1372.289033,0.518544172,-0.13,-0.116,-0.068,0.067,0.005,-0.232,-0.257,-0.004,0.189,-0.04,0.102,0.141,-0.064,-0.122,0.045,5.7,5.8,-0.1,18.8,25.6,-6.8,,,,,
11,OAK,ARI,0,0,1321.839461,0.321025779,-0.289,-0.313,-0.076,0.173,-0.039,-0.295,-0.278,-0.382,-0.093,-0.006,0.006,-0.035,0.306,0.266,-0.033,5.7,6.8,-1.1,17.6,31.5,-13.9,,,,,
11,PHI,NO,0,0,1577.360931,0.260120943,-0.054,-0.054,-0.041,0.002,-0.011,0.184,0.208,0.226,0.067,0.025,-0.238,-0.262,-0.267,-0.065,-0.036,5.4,5.7,-0.3,22.2,19.5,2.7,,,,,
11,PIT,JAX,0,0,1651.430299,0.680133453,0.211,0.235,0.208,-0.011,-0.008,-0.053,-0.068,-0.153,-0.071,0.029,0.264,0.303,0.361,0.06,-0.037,6.1,5.3,0.8,28.4,23.5,4.9,,,,,
11,SEA,GB,1,0,1544.256863,0.668529909,0.118,0.129,0.047,-0.059,0.013,0.11,0.114,0.121,-0.013,-0.025,0.008,0.015,-0.074,-0.046,0.038,5.4,5.6,-0.2,23.5,19.5,4,,,,,
11,TB,NYG,0,0,1424.397309,0.481455828,-0.232,-0.257,-0.004,0.189,-0.04,-0.13,-0.116,-0.068,0.067,0.005,-0.102,-0.141,0.064,0.122,-0.045,6.5,6.6,-0.1,28.6,34.4,-5.8,,,,,
11,TEN,IND,0,0,1557.916228,0.551053273,-0.012,0.013,-0.08,-0.042,0.026,0.009,0.024,0.034,0.038,0.013,-0.021,-0.011,-0.114,-0.08,0.013,4.8,5.5,-0.7,16.8,17.6,-0.8,,,,,
11,WSH,HOU,1,0,1516.694199,0.617654188,-0.057,-0.056,-0.062,0.029,0.033,0.064,0.063,-0.081,-0.113,0.033,-0.121,-0.119,0.019,0.142,0,5.3,5.6,-0.3,20,21.5,-1.5,,,,,
